Workbook

Sheet Payment wise Transcation Amount
A3: Payment Menthod | B3: Count of Transcation ID | C3: Sum of Amount
A4: Credit Card | B4: 2 | C4: 13350
A5: Debit Card | B5: 1 | C5: 1200
A6: Net Banking | B6: 1 | C6: 3500
A7: UPI | B7: 4 | C7: 16000
A8: Grand Total | B8: 8 | C8: 34050

Sheet Transcation status wise count
A3: Transcation status | B3: Sum of Transcation ID
A4: Failed | B4: 2009
A5: Success | B5: 6027
A6: Grand Total | B6: 8036

Sheet Transcation status wise Amount 
A3: Transcation status | B3: Sum of Amount
A4: Failed | B4: 9000
A5: Success | B5: 25050
A6: Grand Total | B6: 34050

Sheet Customer wise transcation count
A3: customer ID | B3: Count of Transcation ID
A4: 1 | B4: 2
A5: 2 | B5: 2
A6: 3 | B6: 2
A7: 4 | B7: 1
A8: 5 | B8: 1
A9: Grand Total | B9: 8

Sheet Customer wise Transcation Amou
A3: customer ID | B3: Sum of Amount
A4: 1 | B4: 6300
A5: 2 | B5: 3350
A6: 3 | B6: 19700
A7: 4 | B7: 1200
A8: 5 | B8: 3500
A9: Grand Total | B9: 34050

Sheet Customer wise suc & fail tran
A3: Count of Transcation ID | B3: Transcation status
A4: customer ID | B4: Failed | C4: Success | D4: Grand Total
A5: 1 | B5: 1 | C5: 1 | D5: 2
A6: 2 | C6: 2 | D6: 2
A7: 3 | B7: 1 | C7: 1 | D7: 2
A8: 4 | C8: 1 | D8: 1
A9: 5 | C9: 1 | D9: 1
A10: Grand Total | B10: 2 | C10: 6 | D10: 8

Sheet Daily Tran Count 
A3: Transcation Date | B3: Count of Transcation ID
A4: 46082 | B4: 1
A5: 46084 | B5: 1
A6: 46124 | B6: 1
A7: 46162 | B7: 1
A8: 46224 | B8: 1
A9: 46274 | B9: 1
A10: 46301 | B10: 2
A11: Grand Total | B11: 8

Sheet Daily Tran Amount
A3: Transcation Date | B3: Sum of Amount
A4: 46082 | B4: 4500
A5: 46084 | B5: 3500
A6: 46124 | B6: 1200
A7: 46162 | B7: 1800
A8: 46224 | B8: 2500
A9: 46274 | B9: 850
A10: 46301 | B10: 19700
A11: Grand Total | B11: 34050

Sheet Payment method Status
A3: Count of Transcation ID | B3: Transcation status
A4: Payment Menthod | B4: Failed | C4: Success | D4: Grand Total
A5: Credit Card | C5: 2 | D5: 2
A6: Debit Card | C6: 1 | D6: 1
A7: Net Banking | C7: 1 | D7: 1
A8: UPI | B8: 2 | C8: 2 | D8: 4
A9: Grand Total | B9: 2 | C9: 6 | D9: 8

Sheet Dashboard

Sheet Payment method amount
A3: Payment Menthod | B3: Sum of Amount
A4: Credit Card | B4: 13350
A5: Debit Card | B5: 1200
A6: Net Banking | B6: 3500
A7: UPI | B7: 16000
A8: Grand Total | B8: 34050

Sheet Top Customer amount
A3: customer ID | B3: Sum of Amount
A4: 3 | B4: 19700
A5: 1 | B5: 6300
A6: 5 | B6: 3500
A7: 2 | B7: 3350
A8: 4 | B8: 1200
A9: Grand Total | B9: 34050

Sheet Failure Reason amount
A3: Failure Reason | B3: Sum of Amount
A4: Insufficient Balance | B4: 7200
A5: Technical Error | B5: 1800
A6: Grand Total | B6: 9000

Sheet KPI
A1: KPI | B1: values
A2: Total Transactions | B2: 8
A3: Total Transaction Amount | B3: 34050
A4: Successful Transactions | B4: 6
A5: Failed Transactions | B5: 2

Sheet Transcation_Data
A1: Transcation ID | B1: customer ID | C1: Merchant ID | D1: Merchant Name | E1: Transcation Date | F1: Amount | G1: Payment Menthod | H1: Transcation status | I1: Failure Reason
A2: 1001 | B2: 1 | C2: 101 | D2: Amazon | E2: 46082 | F2: 4500 | G2: UPI | H2: Success
A3: 1002 | B3: 2 | C3: 102 | D3: Swiggy | E3: 46274 | F3: 850 | G3: Credit Card | H3: Success
A4: 1003 | B4: 3 | C4: 103 | D4: Flipkart | E4: 46301 | F4: 7200 | G4: UPI | H4: Failed | I4: Insufficient Balance
A5: 1004 | B5: 4 | C5: 104 | D5: Apollo Pharmacy | E5: 46124 | F5: 1200 | G5: Debit Card | H5: Success
A6: 1005 | B6: 5 | C6: 105 | D6: IRCTC | E6: 46084 | F6: 3500 | G6: Net Banking | H6: Success
A7: 1006 | B7: 1 | C7: 102 | D7: Swiggy | E7: 46162 | F7: 1800 | G7: UPI | H7: Failed | I7: Technical Error
A8: 1007 | B8: 3 | C8: 101 | D8: Amazon | E8: 46301 | F8: 12500 | G8: Credit Card | H8: Success
A9: 1008 | B9: 2 | C9: 104 | D9: Apollo Pharmacy | E9: 46224 | F9: 2500 | G9: UPI | H9: Success
A11: Total Transcation Count | E11: Total Transcation Amount
A12: =COUNTA(Table1[Transcation ID]) -> 8 | E12: =SUM(Table1[Amount]) -> 34050
G13: SuccessFull Transcation
G14: =COUNTIF(Table1[Transcation status],"success") -> 6
B16: {=A12:G17*100} -> 0 | G16: Failed Transcation
G17: =COUNTIF(Table1[Transcation status],"Failed") -> 2
C22: हो ❤️ save केलं आहे.
C23: पुढच्या वेळी आपण इथूनच Payment Method-wise Transaction Count पासून सुरू करू.

Sheet Top merchant tran amount
A1: Merchant Name | B1: Total Amount
A2: Amazon | B2: =SUMIF(Transcation_Data!$D$2:$D$9,A2,Transcation_Data!$F$2:$F$9) -> 17000
A3: Swiggy | B3: =SUMIF(Transcation_Data!$D$2:$D$9,A3,Transcation_Data!$F$2:$F$9) -> 2650
A4: Flipkart | B4: =SUMIF(Transcation_Data!$D$2:$D$9,A4,Transcation_Data!$F$2:$F$9) -> 7200
A5: Apollo Pharmacy | B5: =SUMIF(Transcation_Data!$D$2:$D$9,A5,Transcation_Data!$F$2:$F$9) -> 3700
A6: IRCTC | B6: =SUMIF(Transcation_Data!$D$2:$D$9,A6,Transcation_Data!$F$2:$F$9) -> 3500

Sheet Merchant wise Transcation amou
A1: Merchant Name | B1: Transaction Amount
A2: Amazon | B2: =SUMIF(Transcation_Data!$D$2:$D$9,A2,Transcation_Data!$F$2:$F$9) -> 17000
A3: Swiggy | B3: =SUMIF(Transcation_Data!$D$2:$D$9,A3,Transcation_Data!$F$2:$F$9) -> 2650
A4: Flipkart | B4: =SUMIF(Transcation_Data!$D$2:$D$9,A4,Transcation_Data!$F$2:$F$9) -> 7200
A5: Apollo Pharmacy | B5: =SUMIF(Transcation_Data!$D$2:$D$9,A5,Transcation_Data!$F$2:$F$9) -> 3700
A6: IRCTC | B6: =SUMIF(Transcation_Data!$D$2:$D$9,A6,Transcation_Data!$F$2:$F$9) -> 3500

Sheet Merchant Status Analysis
A1: Merchant Name | B1: Success count | C1: Failed count
A2: Amazon | B2: =COUNTIFS(Transcation_Data!$D$2:$D$9,A2,Transcation_Data!$H$2:$H$9,"Success") -> 2 | C2: =COUNTIFS(Transcation_Data!$D$2:$D$9,A2,Transcation_Data!$H$2:$H$9,"Failed") -> 0
A3: Swiggy | B3: =COUNTIFS(Transcation_Data!$D$2:$D$9,A3,Transcation_Data!$H$2:$H$9,"Success") -> 1 | C3: =COUNTIFS(Transcation_Data!$D$2:$D$9,A3,Transcation_Data!$H$2:$H$9,"Failed") -> 1
A4: Flipkart | B4: =COUNTIFS(Transcation_Data!$D$2:$D$9,A4,Transcation_Data!$H$2:$H$9,"Success") -> 0 | C4: =COUNTIFS(Transcation_Data!$D$2:$D$9,A4,Transcation_Data!$H$2:$H$9,"Failed") -> 1
A5: Apollo Pharmacy | B5: =COUNTIFS(Transcation_Data!$D$2:$D$9,A5,Transcation_Data!$H$2:$H$9,"Success") -> 2 | C5: =COUNTIFS(Transcation_Data!$D$2:$D$9,A5,Transcation_Data!$H$2:$H$9,"Failed") -> 0
A6: IRCTC | B6: =COUNTIFS(Transcation_Data!$D$2:$D$9,A6,Transcation_Data!$H$2:$H$9,"Success") -> 1 | C6: =COUNTIFS(Transcation_Data!$D$2:$D$9,A6,Transcation_Data!$H$2:$H$9,"Failed") -> 0

Sheet Failure reason wise count
A3: Failure Reason | B3: Count of Transcation ID
A4: Insufficient Balance | B4: 1
A5: Technical Error | B5: 1
A6: (blank) | B6: 6
A7: Grand Total | B7: 8

Sheet Merchant Wise Count
A1: Merchant Name | B1: Transcation Count
A2: Amazon | B2: =COUNTIF(Transcation_Data!$D$2:$D$9,A2) -> 2
A3: Swiggy | B3: =COUNTIF(Transcation_Data!$D$2:$D$9,A3) -> 2
A4: Flipkart | B4: =COUNTIF(Transcation_Data!$D$2:$D$9,A4) -> 1
A5: Apollo Pharmacy | B5: =COUNTIF(Transcation_Data!$D$2:$D$9,A5) -> 2
A6: IRCTC | B6: =COUNTIF(Transcation_Data!$D$2:$D$9,A6) -> 1
